"moiety","routes","us_status","evidence_tier","dose_basis","analyte","structural_model","pd_status","stanpumpr_drug","source_url","notes"
"Acetazolamide","oral IR, IV (ER off-label)","US_SEIZURE_LABELED","proposed_unestimated","acetazolamide base","acetazolamide (total plasma)","renal linear 1C (unestimated for epilepsy)","pk_only",NA,"https://pubmed.ncbi.nlm.nih.gov/23683608/","Yano 1998 oral popPK (intraocular-pressure PD) a candidate; epilepsy constants unestimated."
"Brivaracetam","oral tablet/solution, IV","US_SEIZURE_LABELED","proposed_unestimated","brivaracetam base","brivaracetam (apparent, oral)","1C first-order, LBW allometric","pd_source_incomplete",NA,"https://doi.org/10.1007/s00228-017-2230-6","Schoemaker 2017 CL/F 3.63 L/h at LBW 50 kg; V/F and ka not retrievable. VPA lowers CL ~10% (handoff sign error)."
"Cannabidiol","oral solution (Epidiolex)","US_SEIZURE_LABELED","proposed_unestimated","cannabidiol base","cannabidiol (apparent, oral)","1C transit absorption","pk_only",NA,"https://doi.org/10.1111/epi.18255","2025 paediatric CL/F 143.5 L/h, V/F 1892 L; transit counts, exponents, food F not retrievable."
"Carbamazepine","oral IR/ER, suspension (no current IV)","US_SEIZURE_LABELED","published_population_fit","carbamazepine base","carbamazepine (apparent, oral)","1C first-order, chronic autoinduced state","pk_only","carbamazepine","https://pubmed.ncbi.nlm.nih.gov/9545146/","Graves 1998 maintenance model implemented; epoxide and single-dose naive state not modelled; Carnexiv IV withdrawn 2026."
"Cenobamate","oral tablet","US_SEIZURE_LABELED","proposed_unestimated","cenobamate base","cenobamate (apparent, oral)","2C first-order with lag; dose-dependent (nonlinear) CL","pk_only",NA,"https://dailymed.nlm.nih.gov/dailymed/drugInfo.cfm?setid=565c2126-57ae-4e29-b443-723bbe7e2072","Nonlinear CL (1.4 to 0.4 L/h with dose); handoff poster values unconfirmed; a single linear CL is only locally valid."
"Clobazam","oral tablet/suspension/film","US_SEIZURE_LABELED","proposed_unestimated","clobazam + N-desmethylclobazam","clobazam and N-desmethylclobazam","tandem 1C parent + metabolite; CYP2C19 on metabolite","pk_only",NA,"https://doi.org/10.3390/pharmaceutics17070813","Tuo 2025 CL/F 5.66 L/h; metabolite V is model-conditional (1.84 L), CYP2C19 exponents in stripped table."
"Clonazepam","oral tablet/ODT","US_SEIZURE_LABELED","published_population_fit","clonazepam base","clonazepam (apparent, oral)","2C first-order with lag","pk_only","clonazepam","https://doi.org/10.1097/FTD.0b013e3181b9359b","Already in the library (dos Santos 2009), oral only."
"Repository corticotropin (Acthar Gel)","IM/SC depot (infantile spasms)","PK_UNAVAILABLE","proposed_unestimated","corticotropin (ACTH peptides)","not characterised","none (depot PK inadequately characterised)","no_pk",NA,"https://dailymed.nlm.nih.gov/dailymed/drugInfo.cfm?setid=7b48ddec-e815-45f4-9ca0-5c0daaf56f30","PK_UNAVAILABLE: a peptide mixture dosed in units whose effect runs through cortisol; no small-molecule PK."
"Diazepam","oral, IV/IM, rectal gel, intranasal (Valtoco)","US_SEIZURE_LABELED","published_population_fit","diazepam base","diazepam (plasma)","see library model","pk_only","diazepam","https://doi.org/10.1111/epi.17249","Already in the library (oral and IM). Intranasal Valtoco popPK typical values not retrievable; rectal has no engine route."
"Valproate (valproic acid/divalproex)","oral IR/DR/ER, IV","US_SEIZURE_LABELED","published_population_fit","valproate base (valproic acid equivalents)","valproate (total plasma)","1C first-order, three oral inputs + IV","pd_source_incomplete","valproate","https://doi.org/10.3390/pharmaceutics14040811","Teixeira-da-Silva 2022 implemented, weight only; saturable binding and inducer/age terms not applied."
"Eslicarbazepine acetate","oral tablet","US_SEIZURE_LABELED","published_population_fit","eslicarbazepine acetate (prodrug)","eslicarbazepine (apparent, oral)","1C first-order, active moiety","pd_source_incomplete","eslicarbazepine","https://doi.org/10.2165/11596290-000000000-00000","Falcao 2012 + poster implemented; acetate-to-moiety mass factor 0.858; inducer term not applied."
"Ethosuximide","oral capsule/syrup","US_SEIZURE_LABELED","published_population_fit","ethosuximide base","ethosuximide (apparent, oral)","2C first-order","pd_source_incomplete","ethosuximide","https://doi.org/10.1002/prp2.1032","Diezi 2023 adult model implemented with FFM scaling; paediatric CAE model (Mizuno 2023) not retrievable."
"Everolimus","tablets for oral suspension (TSC seizures)","US_SEIZURE_LABELED","proposed_unestimated","everolimus base","everolimus (whole blood)","2C first-order (Combes 2018)","pd_source_incomplete",NA,"https://doi.org/10.1007/s10928-018-9600-2","531-patient TSC model typical values not retrievable; whole-blood trough target 5-15 ng/mL; Kim 2023 is an implementable alternative."
"Felbamate","oral tablet/suspension","US_SEIZURE_LABELED","proposed_unestimated","felbamate base","felbamate (apparent, oral)","1C first-order","pk_only",NA,"https://doi.org/10.1002/j.1875-9114.1989.tb04151.x","Graves 1989 CL 2.43 L/h, V 51 L, but no published absorption rate; ~30% renal."
"Fenfluramine","oral solution (Fintepla)","US_SEIZURE_LABELED","proposed_unestimated","fenfluramine + norfenfluramine","fenfluramine and norfenfluramine","joint 2C+2C with presystemic metabolite","pk_only",NA,"https://dailymed.nlm.nih.gov/dailymed/fda/fdaDrugXsl.cfm?setid=e88f360e-33ad-4cd6-b2de-5ef885857c5d&type=display","Label CL/F 24.8 L/h, Vz/F 11.9 L/kg; joint model fixed effects not published. Paroxetine DDI parent AUC x1.81 is the CYP2D6 validation scenario, not a genotype coefficient."
"Fosphenytoin","IV/IM prodrug (phenytoin sodium equivalents)","US_SEIZURE_LABELED","published_population_fit","fosphenytoin (prodrug, PE)","phenytoin (total plasma)","conversion compartment feeding phenytoin MM","pk_only","phenytoin","https://dailymed.nlm.nih.gov/dailymed/fda/fdaDrugXsl.cfm?setid=d4c36fad-0ba2-4cd4-9c5e-dcf843f38a5a","Implemented as a route of phenytoin (mg PE), 15-min conversion half-life, IM ka 2.47/h."
"Gabapentin","oral IR (Neurontin); Gralise ER off-label","US_SEIZURE_LABELED","published_population_fit","gabapentin base","gabapentin (plasma)","1C renal, saturable absorption","pk_only","gabapentin","https://doi.org/10.1007/s10928-017-9549-6","Already in the library (Tran 2017, re-anchored); IR only."
"Ganaxolone","oral suspension (Ztalmy)","US_SEIZURE_LABELED","proposed_unestimated","ganaxolone base","ganaxolone (apparent, oral)","2C first-order with lag, capped absorption","pk_only",NA,"https://www.accessdata.fda.gov/drugsatfda_docs/nda/2022/215904Orig1s000ClinPharmR.pdf","FDA challenged the paediatric predictive checks; full model not release-ready; UK F~13% is non-US."
"Lacosamide","oral tablet/solution, IV","US_SEIZURE_LABELED","published_population_fit","lacosamide base","lacosamide (apparent, oral; IV 1:1)","1C first-order, renal and sex covariates","pd_source_incomplete","lacosamide","https://doi.org/10.1186/s40360-026-01114-2","2026 model implemented; V and ka fixed from the literature; 12-h-AUC PD coefficients not retrievable."
"Lamotrigine","oral IR/chewable/ODT; Lamictal XR","US_SEIZURE_LABELED","published_population_fit","lamotrigine base","lamotrigine (apparent, oral)","1C first-order (IR)","pk_only","lamotrigine","https://doi.org/10.1111/bcp.12984","Milosheska 2016 base model implemented; mixed co-medication not applied; XR not offered."
"Levetiracetam","oral IR/ER, IV","US_SEIZURE_LABELED","published_population_fit","levetiracetam base","levetiracetam (oral ~absolute; IV 1:1)","1C first-order, renal/non-renal clearance split","pk_only","levetiracetam","https://doi.org/10.1016/j.eplepsyres.2017.02.011","Rhee 2017 structure with a 66/34 renal split (reduction); ER not offered."
"Lorazepam","IV (status); oral off-label","US_SEIZURE_LABELED","published_population_fit","lorazepam base","lorazepam (plasma)","see library model","pk_only","lorazepam","https://doi.org/10.1007/s40262-016-0486-0","Already in the library (oral/IM adult). Paediatric status IV model (Gonzalez 2017) exponents not retrievable."
"Methsuximide","oral capsule (Celontin)","US_SEIZURE_LABELED","proposed_unestimated","methsuximide + N-desmethylmethsuximide","N-desmethylmethsuximide","parent -> active metabolite (half-lives only)","pk_only",NA,"https://dailymed.nlm.nih.gov/dailymed/lookup.cfm?setid=64a6ee88-c6b1-4e13-8208-b6772ef65a74","No modern population parameter set; only half-lives known (parent ~1.4 h, metabolite 28-80 h)."
"Midazolam","intranasal (Nayzilam), IM (Seizalam); IV off-label for status","US_SEIZURE_LABELED","published_population_fit","midazolam base","midazolam (plasma)","see library model","pk_only","midazolam","https://dailymed.nlm.nih.gov/dailymed/fda/fdaDrugXsl.cfm?setid=2b29422e-54d5-4a49-8522-e9cf752368c3&type=display","Already in the library (IV). Nayzilam F~0.44 (not the experimental 0.80); no nasal popPK ka retrievable."
"Oxcarbazepine","oral IR (Trileptal); Oxtellar XR","US_SEIZURE_LABELED","proposed_unestimated","oxcarbazepine + MHD (eslicarbazepine/licarbazepine)","MHD (monohydroxy derivative)","parent 2C + MHD 1C with back-conversion","pd_source_incomplete",NA,"https://doi.org/10.1111/bcp.13392","Rodrigues 2017 parent/MHD; MHD is the active analyte; back-conversion the engine cannot represent."
"Pentobarbital","IV/IM (status/coma)","US_SEIZURE_LABELED","published_population_fit","pentobarbital base","pentobarbital (plasma)","2C allometric, IV","pk_only","pentobarbital","https://doi.org/10.1002/jcph.70204","2026 paediatric IV model implemented; adults extrapolated."
"Perampanel","oral tablet/suspension","US_SEIZURE_LABELED","proposed_unestimated","perampanel base","perampanel (apparent, oral)","1C first-order","pd_source_incomplete",NA,"https://doi.org/10.1111/ane.12874","Takenaka 2018 CL/F 0.668 L/h; V/F and ka not published (fix V/F ~43.5 L); inducer multipliers available."
"Phenobarbital","oral IR, IV/IM","US_SEIZURE_LABELED","published_population_fit","phenobarbital base","phenobarbital (plasma)","1C first-order, ideal-body-weight allometric","pk_only","phenobarbital","https://doi.org/10.1111/epi.18517","Munich 2025 status model implemented; adults, children extrapolated below 18 y."
"Phenytoin","oral ER/suspension/chewable, IV sodium","US_SEIZURE_LABELED","published_population_fit","phenytoin base (sodium 0.92)","phenytoin (total plasma)","1C Michaelis-Menten (numerical engine)","pk_only","phenytoin","https://doi.org/10.1248/bpb.19.444","Odani 1996 total-concentration MM implemented; CYP2C9 Vmax multipliers; free-drug not reported."
"Pregabalin","oral IR (Lyrica); Lyrica CR off-label","US_SEIZURE_LABELED","published_population_fit","pregabalin base","pregabalin (apparent, oral)","1C renal, first-order with lag","pd_source_incomplete","pregabalin","https://doi.org/10.1002/cpt.2132","Already in the library (Chan 2021); IR only; focal-seizure Emax/EC50 exists but is not plotted."
"Primidone","oral IR tablet","US_SEIZURE_LABELED","proposed_unestimated","primidone + phenobarbital + PEMA","primidone and derived phenobarbital","parent -> phenobarbital + PEMA (formation fractions unknown)","pk_only",NA,"https://dailymed.nlm.nih.gov/dailymed/drugInfo.cfm?setid=93b4b34c-6dba-4aec-b98e-b2b18feb86a9","No identified modern joint model; ~15-25% to phenobarbital from secondary sources only."
"Rufinamide","oral tablet/suspension","US_SEIZURE_LABELED","proposed_unestimated","rufinamide base","rufinamide (apparent, oral)","1C first-order, BSA-scaled, dose-dependent F","pd_source_incomplete",NA,"https://doi.org/10.1007/s10928-009-9146-4","Marchand 2010 popPK parameters not retrievable; Arzimanoglou 2016 CL/F 2.19 L/h (paediatric); VPA lowers CL."
"Stiripentol","oral capsule/powder (Diacomit)","US_SEIZURE_LABELED","proposed_unestimated","stiripentol base","stiripentol (apparent, oral)","1C zero-order absorption, dose-dependent CL","pk_only",NA,"https://doi.org/10.1007/s40262-017-0592-7","Peigne 2017 CL/F 4.2 L/h at reference; zero-order absorption and auto-inhibition the linear engine cannot hold."
"Tiagabine","oral IR tablet","US_SEIZURE_LABELED","published_population_fit","tiagabine base","tiagabine (apparent, oral)","1C first-order","pk_only","tiagabine","https://doi.org/10.1016/s0928-0987(00)00109-3","Ingwersen 2000 monotherapy implemented; height covariate replaced by FFM scaling."
"Topiramate","oral IR/sprinkle; ER capsules","US_SEIZURE_LABELED","published_population_fit","topiramate base","topiramate (absolute; oral F 1)","3C linear, allometric","pk_only","topiramate","https://doi.org/10.1002/jcph.70191","Bamgboye 2026 IV-anchored model implemented; ER not offered; dose and inducer terms not applied."
"Vigabatrin","oral tablet/powder","US_SEIZURE_LABELED","proposed_unestimated","vigabatrin (S(+) enantiomer active)","vigabatrin S(+) (apparent, oral)","racemate 2C + 5 transit; S(+) 1C zero-order","pk_only",NA,"https://doi.org/10.1002/jcph.1309","Ounissi 2019 S(+) CL/F 2.36 L/h; zero-order absorption and irreversible GABA-transaminase inhibition limit plasma modelling."
"Zonisamide","oral capsule/suspension","US_SEIZURE_LABELED","published_population_fit","zonisamide base","zonisamide (apparent, oral)","1C first-order","pk_only","zonisamide","https://doi.org/10.1016/j.ejps.2025.107023","Silva 2025 implemented; refractory cohort, inducer load not applied; mild red-cell binding nonlinearity not modelled."
