"drug","parameter","value","units","provenance","population","source_url"
"phenytoin","V","1.23","L/kg (x weight^0.463)","estimated","Odani 1996, 116 Japanese epilepsy patients","https://doi.org/10.1248/bpb.19.444"
"phenytoin","Vmax","9.80","mg/day/kg (x weight^0.463)","estimated","Odani 1996","https://doi.org/10.1248/bpb.19.444"
"phenytoin","Km","9.19","mg/L total","estimated","Odani 1996","https://doi.org/10.1248/bpb.19.444"
"phenytoin","ka (ER capsule)","0.225","1/h","fixed","Cheng 2020, 37 adults","https://doi.org/10.1007/s40268-020-00323-2"
"phenytoin","ka (suspension/chewable)","2.0","1/h","calibration","label Tmax 1.5-3 h","https://dailymed.nlm.nih.gov/dailymed/lookup.cfm?setid=db8c69b0-4697-433e-98c7-b0b2d2c52a83"
"phenytoin","salt factor (sodium)","0.9199","unitless (252.27/274.25)","label-derived","molecular weights","https://doi.org/10.1248/bpb.19.444"
"phenytoin","conversion half-life (fosphenytoin)","15","min","label-derived","Cerebyx label; Boucher 1989 8.0 min","https://doi.org/10.1002/jps.2600781110"
"phenytoin","ka IM (fosphenytoin)","2.47","1/h","estimated","Boucher 1989, 10 adults","https://doi.org/10.1002/jps.2600781110"
"phenytoin","CYP2C9 Vmax (*1/*3, *2/*2)","0.67","x Vmax","estimated","Odani 1997, *1/*3 heterozygotes","https://doi.org/10.1016/S0009-9236(97)90031-X"
"phenytoin","CYP2C9 Vmax (*2/*3, *3/*3)","0.50","x Vmax","guideline-derived","CPIC 2021 maintenance guidance","https://doi.org/10.1002/cpt.2008"
"valproate","CL/F","0.646","L/h at 70 kg (x (WT/70)^0.75)","estimated","Teixeira-da-Silva 2022, 836 patients","https://doi.org/10.3390/pharmaceutics14040811"
"valproate","V/F","14","L at 70 kg (x WT/70)","fixed","Teixeira-da-Silva 2022","https://doi.org/10.3390/pharmaceutics14040811"
"valproate","ka (DR)","0.78","1/h","fixed","Teixeira-da-Silva 2022","https://doi.org/10.3390/pharmaceutics14040811"
"valproate","ka (syrup)","2.64","1/h","fixed","Teixeira-da-Silva 2022","https://doi.org/10.3390/pharmaceutics14040811"
"valproate","ka (ER)","0.38","1/h","fixed","Teixeira-da-Silva 2022","https://doi.org/10.3390/pharmaceutics14040811"
"valproate","relative F (ER/DR)","0.89","unitless","label-derived","Dutta 2004 meta-analysis","https://doi.org/10.1002/bdd.420"
"phenobarbital","F","0.96","unitless","estimated","Epilepsia 2025, 37 adults","https://doi.org/10.1111/epi.18517"
"phenobarbital","ka","1.9","1/h","fixed","Epilepsia 2025","https://doi.org/10.1111/epi.18517"
"phenobarbital","CL","0.38","L/h at IBW 68.8 kg (x ^0.75)","estimated","Epilepsia 2025","https://doi.org/10.1111/epi.18517"
"phenobarbital","V","34.3","L at IBW 68.8 kg","estimated","Epilepsia 2025","https://doi.org/10.1111/epi.18517"
"pentobarbital","CL","5.21","L/h at 70 kg (x ^0.75)","estimated","J Clin Pharmacol 2026, children","https://doi.org/10.1002/jcph.70204"
"pentobarbital","V1","37.4","L at 70 kg","estimated","J Clin Pharmacol 2026","https://doi.org/10.1002/jcph.70204"
"pentobarbital","Q","18.1","L/h at 70 kg (x ^0.75)","estimated","J Clin Pharmacol 2026","https://doi.org/10.1002/jcph.70204"
"pentobarbital","V2","63.9","L at 70 kg","estimated","J Clin Pharmacol 2026","https://doi.org/10.1002/jcph.70204"
"ethosuximide","CL/F","0.569","L/h","estimated","Diezi 2023, 12 healthy adults","https://doi.org/10.1002/prp2.1032"
"ethosuximide","Vc/F","31.3","L","estimated","Diezi 2023","https://doi.org/10.1002/prp2.1032"
"ethosuximide","Q/F","10.2","L/h","estimated","Diezi 2023","https://doi.org/10.1002/prp2.1032"
"ethosuximide","Vp/F","13.9","L","estimated","Diezi 2023","https://doi.org/10.1002/prp2.1032"
"ethosuximide","ka (syrup)","5.59","1/h","estimated","Diezi 2023","https://doi.org/10.1002/prp2.1032"
"topiramate","CL","1.31","L/h at 70 kg (x ^0.75)","estimated","Bamgboye 2026, 20 adults IV","https://doi.org/10.1002/jcph.70191"
"topiramate","V1","9.84","L at 70 kg","estimated","Bamgboye 2026","https://doi.org/10.1002/jcph.70191"
"topiramate","Q2","197","L/h at 70 kg (x ^0.75)","estimated","Bamgboye 2026","https://doi.org/10.1002/jcph.70191"
"topiramate","V2","39.1","L at 70 kg","estimated","Bamgboye 2026","https://doi.org/10.1002/jcph.70191"
"topiramate","Q3","0.6","L/h at 70 kg (x ^0.75)","estimated","Bamgboye 2026","https://doi.org/10.1002/jcph.70191"
"topiramate","V3","9.01","L at 70 kg","estimated","Bamgboye 2026","https://doi.org/10.1002/jcph.70191"
"topiramate","ka","2.0","1/h","calibration","label Tmax 1 h","https://doi.org/10.1111/epi.12134"
"topiramate","F (oral)","1","unitless","label-derived","Clark 2013 absolute F 109%","https://doi.org/10.1111/epi.12134"
"lacosamide","CL/F","1.86","L/h (x 0.875 women, x (CrCL/119)^0.311)","estimated","BMC Pharmacol Toxicol 2026, 180 adults","https://doi.org/10.1186/s40360-026-01114-2"
"lacosamide","V","0.6","L/kg","fixed","BMC Pharmacol Toxicol 2026","https://doi.org/10.1186/s40360-026-01114-2"
"lacosamide","ka","6.47","1/h","fixed","BMC Pharmacol Toxicol 2026","https://doi.org/10.1186/s40360-026-01114-2"
"lamotrigine","CL/F","2.32","L/h","estimated","Milosheska 2016, 100 adults (base)","https://doi.org/10.1111/bcp.12984"
"lamotrigine","V/F","77.6","L","estimated","Milosheska 2016","https://doi.org/10.1111/bcp.12984"
"lamotrigine","ka","1.96","1/h","estimated","Milosheska 2016","https://doi.org/10.1111/bcp.12984"
"zonisamide","CL/F","0.761","L/h","estimated","Silva 2025, 64 adults","https://doi.org/10.1016/j.ejps.2025.107023"
"zonisamide","V/F","48.10","L","estimated","Silva 2025","https://doi.org/10.1016/j.ejps.2025.107023"
"zonisamide","ka","0.671","1/h","estimated","Silva 2025","https://doi.org/10.1016/j.ejps.2025.107023"
"tiagabine","CL/F","6.10","L/h at 170 cm","estimated","Ingwersen 2000, 130 patients","https://doi.org/10.1016/s0928-0987(00)00109-3"
"tiagabine","V/F","62.0","L at 170 cm","estimated","Ingwersen 2000","https://doi.org/10.1016/s0928-0987(00)00109-3"
"tiagabine","ka","1.25","1/h","estimated","Ingwersen 2000","https://doi.org/10.1016/s0928-0987(00)00109-3"
"levetiracetam","CL (total, reference)","3.9","L/h","estimated","Rhee 2017, 425 adults","https://doi.org/10.1016/j.eplepsyres.2017.02.011"
"levetiracetam","renal fraction of CL","0.66","unitless","label-derived","label/mass balance (66% unchanged)","https://doi.org/10.1016/j.eplepsyres.2017.02.011"
"levetiracetam","V/F","65.3","L at 70 kg","estimated","Rhee 2017","https://doi.org/10.1016/j.eplepsyres.2017.02.011"
"levetiracetam","ka","2.44","1/h","fixed","Rhee 2017","https://doi.org/10.1016/j.eplepsyres.2017.02.011"
"eslicarbazepine","CL/F","2.43","L/h at 70 kg (x ^0.75)","estimated","Falcao 2012 / poster, 641 patients","https://doi.org/10.2165/11596290-000000000-00000"
"eslicarbazepine","V/F","61.3","L at 70 kg","estimated","AAPS 2013 poster","https://doi.org/10.2165/11596290-000000000-00000"
"eslicarbazepine","ka","2.34","1/h","estimated","AAPS 2013 poster","https://doi.org/10.2165/11596290-000000000-00000"
"eslicarbazepine","acetate-to-moiety factor","0.858","unitless (254.3/296.3)","label-derived","molecular weights","https://doi.org/10.2165/11596290-000000000-00000"
"carbamazepine","CL/F intercept","3.58","L/h (+ 0.0134 x weight)","estimated","Graves 1998, 829 adults","https://pubmed.ncbi.nlm.nih.gov/9545146/"
"carbamazepine","CL/F weight slope","0.0134","L/h/kg","estimated","Graves 1998","https://pubmed.ncbi.nlm.nih.gov/9545146/"
"carbamazepine","V/F","1.97","L/kg","estimated","Graves 1998","https://pubmed.ncbi.nlm.nih.gov/9545146/"
"carbamazepine","ka","0.441","1/h","estimated","Graves 1998","https://pubmed.ncbi.nlm.nih.gov/9545146/"
"carbamazepine","age>=70 CL factor","0.749","x CL/F","estimated","Graves 1998","https://pubmed.ncbi.nlm.nih.gov/9545146/"
"carbamazepine","relative F (ER)","0.89","unitless","label-derived","Tegretol-XR label","https://dailymed.nlm.nih.gov/dailymed/drugInfo.cfm?setid=2a8c7366-ce89-47ce-8123-96f26812fca0"
