Drug,Concentration.Units,Bolus.Units,Infusion.Units,Default.Units,Units,Color,Lower,Upper,Typical,MEAC,endCe,Class,Category
propofol,mcg,mg,mcg/kg/min,mg,"mg,mg/kg,mcg/kg/min,mg/kg/hr,Plasma target,Effect site target",#FFCC00,2.5,4,3,0,1,IV,Hypnotics and sedatives
remifentanil,ng,mcg,mcg/kg/min,mcg/kg/min,"mcg,mcg/kg,mcg/kg/min,Plasma target,Effect site target",#0000C0,0.8,2,1.2,1,1,IV,Opioids
fentanyl,ng,mcg,mcg/kg/hr,mcg,"mcg,mcg/kg,mcg/kg/hr,Plasma target,Effect site target",#0491E2,0.48,1.2,0.72,0.6,0.6,IV,Opioids
alfentanil,ng,mcg,mcg/kg/hr,mcg,"mcg,mcg/kg,mcg/kg/hr,Plasma target,Effect site target",#0491E2,31.2,78,46.8,39,39,IV,Opioids
sufentanil,ng,mcg,mcg/kg/hr,mcg,"mcg,mcg/kg,mcg/kg/hr,Plasma target,Effect site target",#0491E2,0.0448,0.112,0.0672,0.056,0.056,IV,Opioids
morphine,mcg,mg,mg/hr,mg,"mg,mg/hr,mg PO tablet,mg PO liquid,mg/kg PO liquid,mg qd,mg bid,mg tid,mg qid,mg PO tablet qd,mg PO tablet bid,mg PO tablet tid,mg PO tablet qid,mg PO liquid qd,mg PO liquid bid,mg PO liquid tid,mg PO liquid qid,mg/kg PO liquid qd,mg/kg PO liquid bid,mg/kg PO liquid tid,mg/kg PO liquid qid",#032FED,0.0064,0.016,0.0096,0.008,0.008,IV,Opioids
pethidine,mcg,mg,mg/hr,mg,"mg,mg/hr,mg qd,mg bid,mg tid,mg qid",#5155FF,0.2,0.5,0.3,0.25,0.25,IV,Opioids
hydromorphone,ng,mg,mg/hr,mg,"mg,mg/kg,mg/hr,mg/kg/hr,mg PO,mg IM,mg IN,Plasma target,Effect site target,mg qd,mg bid,mg tid,mg qid,mg/kg qd,mg/kg bid,mg/kg tid,mg/kg qid,mg PO qd,mg PO bid,mg PO tid,mg PO qid,mg IM qd,mg IM bid,mg IM tid,mg IM qid,mg IN qd,mg IN bid,mg IN tid,mg IN qid",#032FED,1.2,3,1.8,1.5,1.5,IV,Opioids
methadone,mcg,mg,mg/hr,mg,"mg,mg/hr,mg PO,mg qd,mg bid,mg tid,mg qid,mg PO qd,mg PO bid,mg PO tid,mg PO qid",#71C5E8,0.048,0.12,0.072,0.06,0.06,IV,Opioids
ketamine,mcg,mg,mg/hr,mg,"mg,mg/kg,mg/hr,mg/kg/hr,Plasma target,Effect site target",#FFCC00,0.1,0.16,0.12,0,0.1,IV,Hypnotics and sedatives
dexmedetomidine,ng,mcg,mcg/kg/hr,mcg/kg/hr,"mcg,mcg/kg,mcg/hr,mcg/kg/hr",#791AEE,0.4,0.8,0.6,0,0.4,IV,Hypnotics and sedatives
midazolam,mcg,mg,mg/hr,mg,"mg,mg/kg,mg/hr",#E36C0A,0.04,0.12,0.1,0,0.04,IV,Hypnotics and sedatives
etomidate,mcg,mg,mg/kg/min,mg,"mg,mg/kg/min,Plasma target,Effect site target",#FFCC00,0.4,0.8,0.5,0,0.4,IV,Hypnotics and sedatives
lidocaine,mcg,mg,mg/hr,mg,"mg,mg/hr,Plasma target,Effect site target",#B7AE7F,0.5,1.5,1,0,0.5,IV,Other
rocuronium,mcg,mg,mg/kg/hr,mg,"mg,mg/kg/hr",#F9423A,1,2.2,1.5,0,1,IV,Neuromuscular blockade
naloxone,ng,mcg,mcg/min,mcg,"mcg,mcg/kg,mg,mg/kg,mcg/min,mcg/kg/min,mg/min,mg/kg/min,mg IN",#404040,1,10,3,0,1,IV,Other
oxytocin,ng,mcg,mcg/min,mcg,"mcg,mg,mg/kg,mcg/min",#008F7D,0.05,0.2,0.1,0,0.05,IV,Other
oxycodone,ng,,,mg PO,"mg PO,mg PO qd,mg PO bid,mg PO tid,mg PO qid",#032FED,10,20,14,12,10,IV,Opioids
oliceridine,ng,mg,mcg/kg/min,mg,"mg,mcg/kg/min",#FF00CC,18.296,37.504,27.4,27.9,27.4,IV,Opioids
remimazolam,mcg,mg,mg/hr,mg,"mg,mg/kg,mg/hr",#E36C0A,0.3,0.6,0.45,0,0.2,IV,Hypnotics and sedatives
diazepam,ng,mg,mg/hr,mg,"mg,mg/kg,mg/hr,mg PO,mg IM,mg qd,mg bid,mg tid,mg qid,mg PO qd,mg PO bid,mg PO tid,mg PO qid",#B5651D,150,600,300,0,150,IV,Hypnotics and sedatives
lorazepam,ng,mg,mg/hr,mg,"mg,mg/kg,mg/hr,mg PO,mg IM,mg qd,mg bid,mg tid,mg qid,mg PO qd,mg PO bid,mg PO tid,mg PO qid",#F28C28,34,104,51,0,51,IV,Hypnotics and sedatives
alprazolam,ng,,,mg PO,"mg PO,mg PO qd,mg PO bid,mg PO tid,mg PO qid",#C55A11,20,40,30,0,0,IV,Hypnotics and sedatives
clonazepam,ng,,,mg PO,"mg PO,mg PO qd,mg PO bid,mg PO tid,mg PO qid",#9C4A1A,20,70,40,0,0,IV,Hypnotics and sedatives
zolpidem,ng,,,mg PO,"mg PO,mg PO qd",#6A1B9A,80,200,120,0,50,IV,Hypnotics and sedatives
temazepam,ng,,,mg PO,"mg PO,mg PO qd",#7F3F00,250,600,400,0,250,IV,Hypnotics and sedatives
codeine,ng,mg,mg/hr,mg PO,"mg,mg/kg,mg/hr,mg PO,mg qd,mg bid,mg tid,mg qid,mg/kg qd,mg/kg bid,mg/kg tid,mg/kg qid,mg PO qd,mg PO bid,mg PO tid,mg PO qid",#4A6FE3,50,150,100,0,0,IV,Opioids
hydrocodone,ng,,,mg PO,"mg PO,mg PO qd,mg PO bid,mg PO tid,mg PO qid",#2C5FB8,10,30,20,8,8,IV,Opioids
oxymorphone,ng,mg,mg/hr,mg PO,"mg,mg/hr,mg PO,mg qd,mg bid,mg tid,mg qid,mg PO qd,mg PO bid,mg PO tid,mg PO qid",#B5468C,1,4,2,0.8,0.8,IV,Opioids
tramadol,ng,mg,mg/hr,mg PO,"mg,mg/kg,mg/hr,mg PO,mg qd,mg bid,mg tid,mg qid,mg/kg qd,mg/kg bid,mg/kg tid,mg/kg qid,mg PO qd,mg PO bid,mg PO tid,mg PO qid",#7E57C2,100,600,300,0,0,IV,Opioids
desmetramadol,ng,,,,,#26A69A,20,80,40,84,84,IV,
gabapentin,mcg,,,mg PO,"mg PO,mg PO qd,mg PO bid,mg PO tid,mg PO qid",#880E4F,4.1,9.4,6,0,0,IV,Oral analgesics
pregabalin,mcg,,,mg PO,"mg PO,mg PO qd,mg PO bid,mg PO tid,mg PO qid",#AD1457,1.3,5.4,2.7,0,0,IV,Oral analgesics
acetaminophen,mcg,mg,mg/hr,mg,"mg,mg/kg,mg/hr,mg PO,mg/kg PO,mg qd,mg bid,mg tid,mg qid,mg/kg qd,mg/kg bid,mg/kg tid,mg/kg qid,mg PO qd,mg PO bid,mg PO tid,mg PO qid,mg/kg PO qd,mg/kg PO bid,mg/kg PO tid,mg/kg PO qid",#795548,3,15,7,0,5,IV,Oral analgesics
ibuprofen,mcg,mg,mg/hr,mg PO,"mg,mg/kg,mg/hr,mg PO,mg/kg PO,mg qd,mg bid,mg tid,mg qid,mg/kg qd,mg/kg bid,mg/kg tid,mg/kg qid,mg PO qd,mg PO bid,mg PO tid,mg PO qid,mg/kg PO qd,mg/kg PO bid,mg/kg PO tid,mg/kg PO qid",#D84315,5,35,17,0,6.3,IV,Oral analgesics
cefazolin,mcg,mg,mg/hr,mg,"mg,mg/kg,mg/hr,mg/kg/hr,mg qd,mg bid,mg tid,mg qid,mg/kg qd,mg/kg bid,mg/kg tid,mg/kg qid",#2E8B57,0.5,2,1,0,2,IV,Antibiotics
clindamycin,mcg,mg,mg/hr,mg,"mg,mg/kg,mg/hr,mg/kg/hr,mg PO,mg/kg PO,mg qd,mg bid,mg tid,mg qid,mg/kg qd,mg/kg bid,mg/kg tid,mg/kg qid,mg PO qd,mg PO bid,mg PO tid,mg PO qid,mg/kg PO qd,mg/kg PO bid,mg/kg PO tid,mg/kg PO qid",#3CB371,1,4,2,0,5.2,IV,Antibiotics
cefalexin,mcg,,,mg PO,"mg PO,mg/kg PO,mg PO qd,mg PO bid,mg PO tid,mg PO qid,mg/kg PO qd,mg/kg PO bid,mg/kg PO tid,mg/kg PO qid",#66CDAA,1,4,2,0,4.7,IV,Antibiotics
ceftriaxone,mcg,mg,mg/hr,mg,"mg,mg/kg,mg/hr,mg/kg/hr,mg qd,mg bid,mg tid,mg qid,mg/kg qd,mg/kg bid,mg/kg tid,mg/kg qid",#20B2AA,10,50,20,0,15,IV,Antibiotics
vancomycin,mcg,mg,mg/hr,mg,"mg,mg/kg,mg/hr,mg/kg/hr,mg qd,mg bid,mg tid,mg qid,mg/kg qd,mg/kg bid,mg/kg tid,mg/kg qid",#008B8B,10,20,15,0,1.4,IV,Antibiotics
metronidazole,mcg,mg,mg/hr,mg,"mg,mg/kg,mg/hr,mg/kg/hr,mg PO,mg/kg PO,mg qd,mg bid,mg tid,mg qid,mg/kg qd,mg/kg bid,mg/kg tid,mg/kg qid,mg PO qd,mg PO bid,mg PO tid,mg PO qid,mg/kg PO qd,mg/kg PO bid,mg/kg PO tid,mg/kg PO qid",#5F9EA0,4,25,8,0,4.2,IV,Antibiotics
gentamicin,mcg,mg,mg/hr,mg,"mg,mg/kg,mg/hr,mg/kg/hr,mg qd,mg bid,mg tid,mg qid,mg/kg qd,mg/kg bid,mg/kg tid,mg/kg qid",#6B8E23,1,10,8,0,2,IV,Antibiotics
hydrocortisone,mcg,mg,mg/hr,mg,"mg,mg/kg,mg/hr,mg/kg/hr,mg PO,mg/kg PO,mg qd,mg bid,mg tid,mg qid,mg/kg qd,mg/kg bid,mg/kg tid,mg/kg qid,mg PO qd,mg PO bid,mg PO tid,mg PO qid,mg/kg PO qd,mg/kg PO bid,mg/kg PO tid,mg/kg PO qid",#D2691E,0.2,1,0.5,0,0,IV,Corticosteroids
methylprednisolone,mcg,mg,mg/hr,mg,"mg,mg/kg,mg/hr,mg/kg/hr,mg PO,mg/kg PO,mg qd,mg bid,mg tid,mg qid,mg/kg qd,mg/kg bid,mg/kg tid,mg/kg qid,mg PO qd,mg PO bid,mg PO tid,mg PO qid,mg/kg PO qd,mg/kg PO bid,mg/kg PO tid,mg/kg PO qid",#CD853F,0.2,1.5,0.5,0,0,IV,Corticosteroids
dexamethasone,ng,mg,mg/hr,mg,"mg,mg/kg,mg/hr,mg/kg/hr,mg PO,mg/kg PO,mg IM,mg/kg IM,mg qd,mg bid,mg tid,mg qid,mg/kg qd,mg/kg bid,mg/kg tid,mg/kg qid,mg PO qd,mg PO bid,mg PO tid,mg PO qid,mg/kg PO qd,mg/kg PO bid,mg/kg PO tid,mg/kg PO qid,mg IM qd,mg IM bid,mg IM tid,mg IM qid,mg/kg IM qd,mg/kg IM bid,mg/kg IM tid,mg/kg IM qid",#B8860B,20,100,50,0,0,IV,Corticosteroids
prednisolone,ng,mg,mg/hr,mg PO,"mg,mg/kg,mg/hr,mg PO,mg/kg PO,mg qd,mg bid,mg tid,mg qid,mg/kg qd,mg/kg bid,mg/kg tid,mg/kg qid,mg PO qd,mg PO bid,mg PO tid,mg PO qid,mg/kg PO qd,mg/kg PO bid,mg/kg PO tid,mg/kg PO qid",#DAA520,10,100,40,0,0,IV,Corticosteroids
prednisone,ng,,,mg PO,"mg PO,mg/kg PO,mg PO qd,mg PO bid,mg PO tid,mg PO qid,mg/kg PO qd,mg/kg PO bid,mg/kg PO tid,mg/kg PO qid",#C9A227,10,80,30,0,0,IV,Corticosteroids
sugammadex,mcg,mg,mg/hr,mg,"mg,mg/kg,mg/hr",#7B68EE,5,30,10,0,0,IV,Neuromuscular blockade
neostigmine,ng,mg,mg/hr,mg,"mg,mcg,mg/kg,mcg/kg,mg/hr",#9370DB,30,300,100,0,30,IV,Neuromuscular blockade
glycopyrrolate,ng,mg,mg/hr,mg,"mg,mcg,mg/kg,mcg/kg,mg/hr",#8A2BE2,1,10,3,0,0,IV,Neuromuscular blockade
mannitol,mOsm,g,g/hr,g,"g,g/kg,g/hr,g/kg/hr,g qd,g bid,g tid,g qid,g/kg qd,g/kg bid,g/kg tid,g/kg qid",#00A3AD,300,320,310,0,0,IV,Other
amiodarone,mcg,,,mg/day PO,"mg/day PO",#B22222,1,2.5,1.5,0,1,IV,Other
desethylamiodarone,mcg,,,,,#E9967A,0,0,0,0,0,IV,
amiodaroneIV,mcg,mg,mg/min,mg,"mg,mg/kg,mg/min,mg/hr",#C2185B,0,0,0,0,0,IV,Other
escitalopram,ng,,,mg PO,"mg PO,mg PO qd,mg PO bid",#00838F,15,80,40,0,0,IV,Antidepressants
citalopram,ng,,,mg PO,"mg PO,mg PO qd,mg PO bid",#26C6DA,50,110,80,0,0,IV,Antidepressants
sertraline,ng,,,mg PO,"mg PO,mg PO qd,mg PO bid",#558B2F,10,150,50,0,0,IV,Antidepressants
paroxetine,ng,,,mg PO,"mg PO,mg PO qd,mg PO bid",#9E9D24,20,65,40,0,0,IV,Antidepressants
duloxetine,ng,,,mg PO,"mg PO,mg PO qd,mg PO bid",#EF6C00,30,120,60,0,0,IV,Antidepressants
mirtazapine,ng,,,mg PO,"mg PO,mg PO qd,mg PO bid",#6D4C41,30,80,50,0,0,IV,Antidepressants
bupropion,ng,,,mg PO,"mg PO,mg PO qd,mg PO bid",#283593,0,0,0,0,0,IV,Antidepressants
hydroxybupropion,ng,,,,,#9575CD,850,1500,1200,0,0,IV,
fluoxetine,ng,,,mg PO,"mg PO,mg PO qd",#00695C,0,0,0,0,0,IV,Antidepressants
norfluoxetine,ng,,,,,#4DB6AC,0,0,0,0,0,IV,
methylphenidate,ng,,,mg PO,"mg PO,mg PO qd,mg PO bid,mg PO tid,mg PO qid",#4527A0,0,0,0,0,0,IV,Stimulants
lisdexamfetamine,ng,,,mg PO,"mg PO,mg PO qd",#BF360C,0,0,0,0,0,IV,Stimulants
air,%,L/min,L/min,L/min,"L/min",#9E9E9E,0,0,0,0,0,gas,
oxygen,%,L/min,L/min,L/min,"L/min",#2E7D32,0,0,0,0,0,gas,
nitrousOxide,%,L/min,L/min,L/min,"L/min",#1E88E5,0,0,0,0,10,gas,Inhaled anesthetics
sevoflurane,%,%,%,%,"%",#F9A825,0,0,0,0,0.21,gas,Inhaled anesthetics
isoflurane,%,%,%,%,"%",#8E24AA,0,0,0,0,0.11,gas,Inhaled anesthetics
desflurane,%,%,%,%,"%",#00897B,0,0,0,0,0.6,gas,Inhaled anesthetics
ventilation,L/min,L/min,L/min,L/min,"L/min",#546E7A,0,0,0,0,0,gas,
